Workbook

Sheet README
A1: RPE推定研究 - メタデータ記録テンプレート
A3: 【目的】
A4: このファイルは、M5StickC Plus + UDP計測システムで取得したCSVデータと
A5: 実験条件・主観評価（RPE等）を紐づけるためのメタデータ管理表です。
A7: 【使い方】
A8: 1. 実験前に Subjects シートに被験者情報を登録（subject_id を採番）
A9: 2. 各セッション開始時に Sessions シートに1行追加（session_id を採番）
A10: 3. 各セット終了直後に Sets シートに1行追加し、CSVファイル名とRPEを記録
A11: 4. 青文字のセルが入力欄。黒/緑は数式（自動計算）
A13: 【RPEスケール】(Powerlifting RPE)
A14: 10 : 1RM、これ以上1レップも不可能
A15: 9.5 : 1レップだけ余力あり/フォーム崩れ
... A33: ・記入漏れがあると後段の機械学習で欠損になるので必ず即時記入

Sheet Subjects
A1: subject_id | B1: name_or_initial | C1: sex | D1: age | E1: height_cm | F1: weight_kg | G1: training_years | H1: est_1rm_squat_kg | I1: dominant_leg | J1: injury_history | K1: notes
A2: S001 | B2: MS | C2: M | D2: 24 | E2: 172 | F2: 78 | G2: 6 | H2: 160 | I2: R | J2: なし

Sheet Sessions
A1: session_id | B1: date | C1: subject_id | D1: location | E1: start_time | F1: end_time | G1: m5_unit_id | H1: sampling_hz | I1: wifi_ssid | J1: mount_method | K1: mount_orientation | L1: weather_temp_c | M1: subject_condition | N1: notes
A2: SES001 | B2: 2026-05-25 | C2: S001 | D2: ジムA | E2: 14:00 | F2: 15:30 | G2: M5-01 | H2: 100 | I2: PWR_Router | J2: ゴムバンド | K2: Z軸=鉛直上 | L2: 22 | M2: 良好（睡眠7h）

Sheet Sets
A1: set_uid | B1: session_id | C1: subject_id | D1: set_no | E1: csv_filename | F1: exercise | G1: weight_kg | H1: weight_pct_1rm | I1: reps_planned | J1: reps_completed | K1: rpe | L1: rir | M1: success | N1: form_quality_1to5 | O1: rest_before_sec | P1: peak_velocity_mps | Q1: avg_velocity_mps | R1: rms_accel_mps2 | S1: duration_sec | T1: notes
A2: SES001_1 | B2: SES001 | C2: =IFERROR(VLOOKUP(B2,Sessions!$A$2:$C$51,3,FALSE()),"") -> S001 | D2: 1 | E2: 20260525_140530.csv | F2: Squat | G2: 112 | H2: =IFERROR(G2/VLOOKUP(C2,Subjects!$A$2:$H$31,8,FALSE()),"") -> 0.7 | I2: 5 | J2: 5 | K2: 7 | L2: =IF(ISNUMBER(K2),10-K2,"") -> 3 | M2: Y | N2: 5 | O2: 180 | T2: ウォームアップ後
A3: SES001_2 | B3: SES001 | C3: =IFERROR(VLOOKUP(B3,Sessions!$A$2:$C$51,3,FALSE()),"") -> S001 | D3: 2 | E3: 20260525_141215.csv | F3: Squat | G3: 128 | H3: =IFERROR(G3/VLOOKUP(C3,Subjects!$A$2:$H$31,8,FALSE()),"") -> 0.8 | I3: 3 | J3: 3 | K3: 8 | L3: =IF(ISNUMBER(K3),10-K3,"") -> 2 | M3: Y | N3: 4 | O3: 240
A4: SES001_3 | B4: SES001 | C4: =IFERROR(VLOOKUP(B4,Sessions!$A$2:$C$51,3,FALSE()),"") -> S001 | D4: 3 | E4: 20260525_142100.csv | F4: Squat | G4: 144 | H4: =IFERROR(G4/VLOOKUP(C4,Subjects!$A$2:$H$31,8,FALSE()),"") -> 0.9 | I4: 1 | J4: 1 | K4: 9 | L4: =IF(ISNUMBER(K4),10-K4,"") -> 1 | M4: Y | N4: 4 | O4: 300 | T4: ベルト着用
C5: =IFERROR(VLOOKUP(B5,Sessions!$A$2:$C$51,3,FALSE()),"") | H5: =IFERROR(G5/VLOOKUP(C5,Subjects!$A$2:$H$31,8,FALSE()),"") | L5: =IF(ISNUMBER(K5),10-K5,"")
C6: =IFERROR(VLOOKUP(B6,Sessions!$A$2:$C$51,3,FALSE()),"") | H6: =IFERROR(G6/VLOOKUP(C6,Subjects!$A$2:$H$31,8,FALSE()),"") | L6: =IF(ISNUMBER(K6),10-K6,"")
C7: =IFERROR(VLOOKUP(B7,Sessions!$A$2:$C$51,3,FALSE()),"") | H7: =IFERROR(G7/VLOOKUP(C7,Subjects!$A$2:$H$31,8,FALSE()),"") | L7: =IF(ISNUMBER(K7),10-K7,"")
C8: =IFERROR(VLOOKUP(B8,Sessions!$A$2:$C$51,3,FALSE()),"") | H8: =IFERROR(G8/VLOOKUP(C8,Subjects!$A$2:$H$31,8,FALSE()),"") | L8: =IF(ISNUMBER(K8),10-K8,"")
C9: =IFERROR(VLOOKUP(B9,Sessions!$A$2:$C$51,3,FALSE()),"") | H9: =IFERROR(G9/VLOOKUP(C9,Subjects!$A$2:$H$31,8,FALSE()),"") | L9: =IF(ISNUMBER(K9),10-K9,"")
C10: =IFERROR(VLOOKUP(B10,Sessions!$A$2:$C$51,3,FALSE()),"") | H10: =IFERROR(G10/VLOOKUP(C10,Subjects!$A$2:$H$31,8,FALSE()),"") | L10: =IF(ISNUMBER(K10),10-K10,"")
C11: =IFERROR(VLOOKUP(B11,Sessions!$A$2:$C$51,3,FALSE()),"") | H11: =IFERROR(G11/VLOOKUP(C11,Subjects!$A$2:$H$31,8,FALSE()),"") | L11: =IF(ISNUMBER(K11),10-K11,"")
C12: =IFERROR(VLOOKUP(B12,Sessions!$A$2:$C$51,3,FALSE()),"") | H12: =IFERROR(G12/VLOOKUP(C12,Subjects!$A$2:$H$31,8,FALSE()),"") | L12: =IF(ISNUMBER(K12),10-K12,"")
C13: =IFERROR(VLOOKUP(B13,Sessions!$A$2:$C$51,3,FALSE()),"") | H13: =IFERROR(G13/VLOOKUP(C13,Subjects!$A$2:$H$31,8,FALSE()),"") | L13: =IF(ISNUMBER(K13),10-K13,"")
C14: =IFERROR(VLOOKUP(B14,Sessions!$A$2:$C$51,3,FALSE()),"") | H14: =IFERROR(G14/VLOOKUP(C14,Subjects!$A$2:$H$31,8,FALSE()),"") | L14: =IF(ISNUMBER(K14),10-K14,"")
C15: =IFERROR(VLOOKUP(B15,Sessions!$A$2:$C$51,3,FALSE()),"") | H15: =IFERROR(G15/VLOOKUP(C15,Subjects!$A$2:$H$31,8,FALSE()),"") | L15: =IF(ISNUMBER(K15),10-K15,"")
C16: =IFERROR(VLOOKUP(B16,Sessions!$A$2:$C$51,3,FALSE()),"") | H16: =IFERROR(G16/VLOOKUP(C16,Subjects!$A$2:$H$31,8,FALSE()),"") | L16: =IF(ISNUMBER(K16),10-K16,"")
... C201: =IFERROR(VLOOKUP(B201,Sessions!$A$2:$C$51,3,FALSE()),"") | H201: =IFERROR(G201/VLOOKUP(C201,Subjects!$A$2:$H$31,8,FALSE()),"") | L201: =IF(ISNUMBER(K201),10-K201,"")

Sheet CodeList
A1: RPE Scale (Powerlifting) | D1: Form Quality 1-5
A3: 10 | B3: 1RM。これ以上1レップ不可能 | D3: 5 | E3: 完璧、教科書通り
A4: 9.5 | B4: 1レップ余力あり、ただしフォーム崩れ | D4: 4 | E4: ほぼ理想、軽微なブレ
A5: 9 | B5: 1レップの余力 | D5: 3 | E5: 良好、若干のフォーム崩れあり
A6: 8.5 | B6: 1〜2レップの余力 | D6: 2 | E6: 明らかなフォーム崩れ
A7: 8 | B7: 2レップの余力 | D7: 1 | E7: 失敗 or 危険
A8: 7.5 | B8: 2〜3レップの余力
A9: 7 | B9: 3レップの余力
A10: 6 | B10: 4〜6レップの余力
A11: 5 | B11: ウォームアップ強度
