Workbook

Sheet 設定
A1: スクワット メニュー自動計算シート
A3: ▼ ここだけ入力してください
A4: 1RM（最大挙上重量） | B4: 150 | C4: kg | D4: 実測値または信頼できる推定値
A5: バー重量 | B5: 20 | C5: kg | D5: 通常のオリンピックバーは20kg
A6: 丸め単位 | B6: 2.5 | C6: kg | D6: 使えるプレートの最小ペア（1.25kgペア=2.5kg）
A9: ※ 青文字のセルが入力欄です。他のシートの重量は自動で更新されます。
A11: %1RM 早見表
A12: %1RM | B12: 重量 (kg) | C12: 片側 (kg) | D12: プレート内訳（片側）
A13: 0.5 | B13: =ROUND($B$4*A13/$B$6,0)*$B$6 -> 75 | C13: =MAX(0,(B13-$B$5)/2) -> 27.5 | D13: =IF(N(C13)<=0,"",TRIM(IF(INT(C13/25)>0,INT(C13/25)&"x25 ","")&IF(INT(MOD(C13,25)/20)>0,INT(MOD(C13,25)/20)&"x20 ","")&IF(INT(MOD(MOD(C13,25),20)/15)>0,INT(MOD(MOD(C13,25),20)/15)&"x15 ","")&IF(INT(MOD(MOD(MOD(C13,25),20),15)/10)>0,INT(MOD(MOD(MOD(C13,25),20),15)/10)&"x10 ","")&IF(INT(MOD(MOD(MOD(MOD(C13,25),20),15),10)/5)>0,INT(MOD(MOD(MOD(MOD(C13,25),20),15),10)/5)&"x5 ","")&IF(INT(MOD(MOD(MOD(MOD(MOD(C13,25),20),15),10),5)/2.5)>0,INT(MOD(MOD(MOD(MOD(MOD(C13,25),20),15),10),5)/2.5)&"x2.5 ","")&IF(INT(MOD(MOD(MOD(MOD(MOD(MOD(C13,25),20),15),10),5),2.5)/1.25)>0,INT(MOD(MOD(MOD(MOD(MOD(MOD(C13,25),20),15),10),5),2.5)/1.25)&"x1.25 ",""))) -> 1x25 1x2.5
A14: 0.55 | B14: =ROUND($B$4*A14/$B$6,0)*$B$6 -> 82.5 | C14: =MAX(0,(B14-$B$5)/2) -> 31.25 | D14: =IF(N(C14)<=0,"",TRIM(IF(INT(C14/25)>0,INT(C14/25)&"x25 ","")&IF(INT(MOD(C14,25)/20)>0,INT(MOD(C14,25)/20)&"x20 ","")&IF(INT(MOD(MOD(C14,25),20)/15)>0,INT(MOD(MOD(C14,25),20)/15)&"x15 ","")&IF(INT(MOD(MOD(MOD(C14,25),20),15)/10)>0,INT(MOD(MOD(MOD(C14,25),20),15)/10)&"x10 ","")&IF(INT(MOD(MOD(MOD(MOD(C14,25),20),15),10)/5)>0,INT(MOD(MOD(MOD(MOD(C14,25),20),15),10)/5)&"x5 ","")&IF(INT(MOD(MOD(MOD(MOD(MOD(C14,25),20),15),10),5)/2.5)>0,INT(MOD(MOD(MOD(MOD(MOD(C14,25),20),15),10),5)/2.5)&"x2.5 ","")&IF(INT(MOD(MOD(MOD(MOD(MOD(MOD(C14,25),20),15),10),5),2.5)/1.25)>0,INT(MOD(MOD(MOD(MOD(MOD(MOD(C14,25),20),15),10),5),2.5)/1.25)&"x1.25 ",""))) -> 1x25 1x5 1x1.25
A15: 0.6 | B15: =ROUND($B$4*A15/$B$6,0)*$B$6 -> 90 | C15: =MAX(0,(B15-$B$5)/2) -> 35 | D15: =IF(N(C15)<=0,"",TRIM(IF(INT(C15/25)>0,INT(C15/25)&"x25 ","")&IF(INT(MOD(C15,25)/20)>0,INT(MOD(C15,25)/20)&"x20 ","")&IF(INT(MOD(MOD(C15,25),20)/15)>0,INT(MOD(MOD(C15,25),20)/15)&"x15 ","")&IF(INT(MOD(MOD(MOD(C15,25),20),15)/10)>0,INT(MOD(MOD(MOD(C15,25),20),15)/10)&"x10 ","")&IF(INT(MOD(MOD(MOD(MOD(C15,25),20),15),10)/5)>0,INT(MOD(MOD(MOD(MOD(C15,25),20),15),10)/5)&"x5 ","")&IF(INT(MOD(MOD(MOD(MOD(MOD(C15,25),20),15),10),5)/2.5)>0,INT(MOD(MOD(MOD(MOD(MOD(C15,25),20),15),10),5)/2.5)&"x2.5 ","")&IF(INT(MOD(MOD(MOD(MOD(MOD(MOD(C15,25),20),15),10),5),2.5)/1.25)>0,INT(MOD(MOD(MOD(MOD(MOD(MOD(C15,25),20),15),10),5),2.5)/1.25)&"x1.25 ",""))) -> 1x25 1x10
A16: 0.65 | B16: =ROUND($B$4*A16/$B$6,0)*$B$6 -> 97.5 | C16: =MAX(0,(B16-$B$5)/2) -> 38.75 | D16: =IF(N(C16)<=0,"",TRIM(IF(INT(C16/25)>0,INT(C16/25)&"x25 ","")&IF(INT(MOD(C16,25)/20)>0,INT(MOD(C16,25)/20)&"x20 ","")&IF(INT(MOD(MOD(C16,25),20)/15)>0,INT(MOD(MOD(C16,25),20)/15)&"x15 ","")&IF(INT(MOD(MOD(MOD(C16,25),20),15)/10)>0,INT(MOD(MOD(MOD(C16,25),20),15)/10)&"x10 ","")&IF(INT(MOD(MOD(MOD(MOD(C16,25),20),15),10)/5)>0,INT(MOD(MOD(MOD(MOD(C16,25),20),15),10)/5)&"x5 ","")&IF(INT(MOD(MOD(MOD(MOD(MOD(C16,25),20),15),10),5)/2.5)>0,INT(MOD(MOD(MOD(MOD(MOD(C16,25),20),15),10),5)/2.5)&"x2.5 ","")&IF(INT(MOD(MOD(MOD(MOD(MOD(MOD(C16,25),20),15),10),5),2.5)/1.25)>0,INT(MOD(MOD(MOD(MOD(MOD(MOD(C16,25),20),15),10),5),2.5)/1.25)&"x1.25 ",""))) -> 1x25 1x10 1x2.5 1x1.25
A17: 0.7 | B17: =ROUND($B$4*A17/$B$6,0)*$B$6 -> 105 | C17: =MAX(0,(B17-$B$5)/2) -> 42.5 | D17: =IF(N(C17)<=0,"",TRIM(IF(INT(C17/25)>0,INT(C17/25)&"x25 ","")&IF(INT(MOD(C17,25)/20)>0,INT(MOD(C17,25)/20)&"x20 ","")&IF(INT(MOD(MOD(C17,25),20)/15)>0,INT(MOD(MOD(C17,25),20)/15)&"x15 ","")&IF(INT(MOD(MOD(MOD(C17,25),20),15)/10)>0,INT(MOD(MOD(MOD(C17,25),20),15)/10)&"x10 ","")&IF(INT(MOD(MOD(MOD(MOD(C17,25),20),15),10)/5)>0,INT(MOD(MOD(MOD(MOD(C17,25),20),15),10)/5)&"x5 ","")&IF(INT(MOD(MOD(MOD(MOD(MOD(C17,25),20),15),10),5)/2.5)>0,INT(MOD(MOD(MOD(MOD(MOD(C17,25),20),15),10),5)/2.5)&"x2.5 ","")&IF(INT(MOD(MOD(MOD(MOD(MOD(MOD(C17,25),20),15),10),5),2.5)/1.25)>0,INT(MOD(MOD(MOD(MOD(MOD(MOD(C17,25),20),15),10),5),2.5)/1.25)&"x1.25 ",""))) -> 1x25 1x15 1x2.5
A18: 0.75 | B18: =ROUND($B$4*A18/$B$6,0)*$B$6 -> 112.5 | C18: =MAX(0,(B18-$B$5)/2) -> 46.25 | D18: =IF(N(C18)<=0,"",TRIM(IF(INT(C18/25)>0,INT(C18/25)&"x25 ","")&IF(INT(MOD(C18,25)/20)>0,INT(MOD(C18,25)/20)&"x20 ","")&IF(INT(MOD(MOD(C18,25),20)/15)>0,INT(MOD(MOD(C18,25),20)/15)&"x15 ","")&IF(INT(MOD(MOD(MOD(C18,25),20),15)/10)>0,INT(MOD(MOD(MOD(C18,25),20),15)/10)&"x10 ","")&IF(INT(MOD(MOD(MOD(MOD(C18,25),20),15),10)/5)>0,INT(MOD(MOD(MOD(MOD(C18,25),20),15),10)/5)&"x5 ","")&IF(INT(MOD(MOD(MOD(MOD(MOD(C18,25),20),15),10),5)/2.5)>0,INT(MOD(MOD(MOD(MOD(MOD(C18,25),20),15),10),5)/2.5)&"x2.5 ","")&IF(INT(MOD(MOD(MOD(MOD(MOD(MOD(C18,25),20),15),10),5),2.5)/1.25)>0,INT(MOD(MOD(MOD(MOD(MOD(MOD(C18,25),20),15),10),5),2.5)/1.25)&"x1.25 ",""))) -> 1x25 1x20 1x1.25
A19: 0.8 | B19: =ROUND($B$4*A19/$B$6,0)*$B$6 -> 120 | C19: =MAX(0,(B19-$B$5)/2) -> 50 | D19: =IF(N(C19)<=0,"",TRIM(IF(INT(C19/25)>0,INT(C19/25)&"x25 ","")&IF(INT(MOD(C19,25)/20)>0,INT(MOD(C19,25)/20)&"x20 ","")&IF(INT(MOD(MOD(C19,25),20)/15)>0,INT(MOD(MOD(C19,25),20)/15)&"x15 ","")&IF(INT(MOD(MOD(MOD(C19,25),20),15)/10)>0,INT(MOD(MOD(MOD(C19,25),20),15)/10)&"x10 ","")&IF(INT(MOD(MOD(MOD(MOD(C19,25),20),15),10)/5)>0,INT(MOD(MOD(MOD(MOD(C19,25),20),15),10)/5)&"x5 ","")&IF(INT(MOD(MOD(MOD(MOD(MOD(C19,25),20),15),10),5)/2.5)>0,INT(MOD(MOD(MOD(MOD(MOD(C19,25),20),15),10),5)/2.5)&"x2.5 ","")&IF(INT(MOD(MOD(MOD(MOD(MOD(MOD(C19,25),20),15),10),5),2.5)/1.25)>0,INT(MOD(MOD(MOD(MOD(MOD(MOD(C19,25),20),15),10),5),2.5)/1.25)&"x1.25 ",""))) -> 2x25
A20: 0.85 | B20: =ROUND($B$4*A20/$B$6,0)*$B$6 -> 127.5 | C20: =MAX(0,(B20-$B$5)/2) -> 53.75 | D20: =IF(N(C20)<=0,"",TRIM(IF(INT(C20/25)>0,INT(C20/25)&"x25 ","")&IF(INT(MOD(C20,25)/20)>0,INT(MOD(C20,25)/20)&"x20 ","")&IF(INT(MOD(MOD(C20,25),20)/15)>0,INT(MOD(MOD(C20,25),20)/15)&"x15 ","")&IF(INT(MOD(MOD(MOD(C20,25),20),15)/10)>0,INT(MOD(MOD(MOD(C20,25),20),15)/10)&"x10 ","")&IF(INT(MOD(MOD(MOD(MOD(C20,25),20),15),10)/5)>0,INT(MOD(MOD(MOD(MOD(C20,25),20),15),10)/5)&"x5 ","")&IF(INT(MOD(MOD(MOD(MOD(MOD(C20,25),20),15),10),5)/2.5)>0,INT(MOD(MOD(MOD(MOD(MOD(C20,25),20),15),10),5)/2.5)&"x2.5 ","")&IF(INT(MOD(MOD(MOD(MOD(MOD(MOD(C20,25),20),15),10),5),2.5)/1.25)>0,INT(MOD(MOD(MOD(MOD(MOD(MOD(C20,25),20),15),10),5),2.5)/1.25)&"x1.25 ",""))) -> 2x25 1x2.5 1x1.25
A21: 0.9 | B21: =ROUND($B$4*A21/$B$6,0)*$B$6 -> 135 | C21: =MAX(0,(B21-$B$5)/2) -> 57.5 | D21: =IF(N(C21)<=0,"",TRIM(IF(INT(C21/25)>0,INT(C21/25)&"x25 ","")&IF(INT(MOD(C21,25)/20)>0,INT(MOD(C21,25)/20)&"x20 ","")&IF(INT(MOD(MOD(C21,25),20)/15)>0,INT(MOD(MOD(C21,25),20)/15)&"x15 ","")&IF(INT(MOD(MOD(MOD(C21,25),20),15)/10)>0,INT(MOD(MOD(MOD(C21,25),20),15)/10)&"x10 ","")&IF(INT(MOD(MOD(MOD(MOD(C21,25),20),15),10)/5)>0,INT(MOD(MOD(MOD(MOD(C21,25),20),15),10)/5)&"x5 ","")&IF(INT(MOD(MOD(MOD(MOD(MOD(C21,25),20),15),10),5)/2.5)>0,INT(MOD(MOD(MOD(MOD(MOD(C21,25),20),15),10),5)/2.5)&"x2.5 ","")&IF(INT(MOD(MOD(MOD(MOD(MOD(MOD(C21,25),20),15),10),5),2.5)/1.25)>0,INT(MOD(MOD(MOD(MOD(MOD(MOD(C21,25),20),15),10),5),2.5)/1.25)&"x1.25 ",""))) -> 2x25 1x5 1x2.5
A22: 0.95 | B22: =ROUND($B$4*A22/$B$6,0)*$B$6 -> 142.5 | C22: =MAX(0,(B22-$B$5)/2) -> 61.25 | D22: =IF(N(C22)<=0,"",TRIM(IF(INT(C22/25)>0,INT(C22/25)&"x25 ","")&IF(INT(MOD(C22,25)/20)>0,INT(MOD(C22,25)/20)&"x20 ","")&IF(INT(MOD(MOD(C22,25),20)/15)>0,INT(MOD(MOD(C22,25),20)/15)&"x15 ","")&IF(INT(MOD(MOD(MOD(C22,25),20),15)/10)>0,INT(MOD(MOD(MOD(C22,25),20),15)/10)&"x10 ","")&IF(INT(MOD(MOD(MOD(MOD(C22,25),20),15),10)/5)>0,INT(MOD(MOD(MOD(MOD(C22,25),20),15),10)/5)&"x5 ","")&IF(INT(MOD(MOD(MOD(MOD(MOD(C22,25),20),15),10),5)/2.5)>0,INT(MOD(MOD(MOD(MOD(MOD(C22,25),20),15),10),5)/2.5)&"x2.5 ","")&IF(INT(MOD(MOD(MOD(MOD(MOD(MOD(C22,25),20),15),10),5),2.5)/1.25)>0,INT(MOD(MOD(MOD(MOD(MOD(MOD(C22,25),20),15),10),5),2.5)/1.25)&"x1.25 ",""))) -> 2x25 1x10 1x1.25
A23: 1 | B23: =ROUND($B$4*A23/$B$6,0)*$B$6 -> 150 | C23: =MAX(0,(B23-$B$5)/2) -> 65 | D23: =IF(N(C23)<=0,"",TRIM(IF(INT(C23/25)>0,INT(C23/25)&"x25 ","")&IF(INT(MOD(C23,25)/20)>0,INT(MOD(C23,25)/20)&"x20 ","")&IF(INT(MOD(MOD(C23,25),20)/15)>0,INT(MOD(MOD(C23,25),20)/15)&"x15 ","")&IF(INT(MOD(MOD(MOD(C23,25),20),15)/10)>0,INT(MOD(MOD(MOD(C23,25),20),15)/10)&"x10 ","")&IF(INT(MOD(MOD(MOD(MOD(C23,25),20),15),10)/5)>0,INT(MOD(MOD(MOD(MOD(C23,25),20),15),10)/5)&"x5 ","")&IF(INT(MOD(MOD(MOD(MOD(MOD(C23,25),20),15),10),5)/2.5)>0,INT(MOD(MOD(MOD(MOD(MOD(C23,25),20),15),10),5)/2.5)&"x2.5 ","")&IF(INT(MOD(MOD(MOD(MOD(MOD(MOD(C23,25),20),15),10),5),2.5)/1.25)>0,INT(MOD(MOD(MOD(MOD(MOD(MOD(C23,25),20),15),10),5),2.5)/1.25)&"x1.25 ",""))) -> 2x25 1x15

Sheet A_ヘビー
A1: セッション A ： ヘビー（高強度・低レップ）
A2: 狙う RPE 帯：7〜10 ／ 記録セット 6本 ／ 所要 約60分
A3: 1RM | B3: =設定!$B$4 -> 150 | C3: ← 変更は「設定」シートで
A5: # | B5: 区分 | C5: %1RM | D5: レップ | E5: 重量(kg) | F5: 片側(kg) | G5: プレート内訳（片側） | H5: 休憩 | I5: 想定RPE | J5: 実RPE | K5: メモ
A6: W | B6: W/UP | C6: — | D6: 10 | E6: =設定!$B$5 -> 20 | F6: =MAX(0,(E6-設定!$B$5)/2) -> 0 | G6: =IF(N(F6)<=0,"",TRIM(IF(INT(F6/25)>0,INT(F6/25)&"x25 ","")&IF(INT(MOD(F6,25)/20)>0,INT(MOD(F6,25)/20)&"x20 ","")&IF(INT(MOD(MOD(F6,25),20)/15)>0,INT(MOD(MOD(F6,25),20)/15)&"x15 ","")&IF(INT(MOD(MOD(MOD(F6,25),20),15)/10)>0,INT(MOD(MOD(MOD(F6,25),20),15)/10)&"x10 ","")&IF(INT(MOD(MOD(MOD(MOD(F6,25),20),15),10)/5)>0,INT(MOD(MOD(MOD(MOD(F6,25),20),15),10)/5)&"x5 ","")&IF(INT(MOD(MOD(MOD(MOD(MOD(F6,25),20),15),10),5)/2.5)>0,INT(MOD(MOD(MOD(MOD(MOD(F6,25),20),15),10),5)/2.5)&"x2.5 ","")&IF(INT(MOD(MOD(MOD(MOD(MOD(MOD(F6,25),20),15),10),5),2.5)/1.25)>0,INT(MOD(MOD(MOD(MOD(MOD(MOD(F6,25),20),15),10),5),2.5)/1.25)&"x1.25 ",""))) | H6: 1分 | I6: —
A7: W | B7: W/UP | C7: 0.4 | D7: 5 | E7: =ROUND(設定!$B$4*C7/設定!$B$6,0)*設定!$B$6 -> 60 | F7: =MAX(0,(E7-設定!$B$5)/2) -> 20 | G7: =IF(N(F7)<=0,"",TRIM(IF(INT(F7/25)>0,INT(F7/25)&"x25 ","")&IF(INT(MOD(F7,25)/20)>0,INT(MOD(F7,25)/20)&"x20 ","")&IF(INT(MOD(MOD(F7,25),20)/15)>0,INT(MOD(MOD(F7,25),20)/15)&"x15 ","")&IF(INT(MOD(MOD(MOD(F7,25),20),15)/10)>0,INT(MOD(MOD(MOD(F7,25),20),15)/10)&"x10 ","")&IF(INT(MOD(MOD(MOD(MOD(F7,25),20),15),10)/5)>0,INT(MOD(MOD(MOD(MOD(F7,25),20),15),10)/5)&"x5 ","")&IF(INT(MOD(MOD(MOD(MOD(MOD(F7,25),20),15),10),5)/2.5)>0,INT(MOD(MOD(MOD(MOD(MOD(F7,25),20),15),10),5)/2.5)&"x2.5 ","")&IF(INT(MOD(MOD(MOD(MOD(MOD(MOD(F7,25),20),15),10),5),2.5)/1.25)>0,INT(MOD(MOD(MOD(MOD(MOD(MOD(F7,25),20),15),10),5),2.5)/1.25)&"x1.25 ",""))) -> 1x20 | H7: 1分 | I7: —
A8: W | B8: W/UP | C8: 0.55 | D8: 3 | E8: =ROUND(設定!$B$4*C8/設定!$B$6,0)*設定!$B$6 -> 82.5 | F8: =MAX(0,(E8-設定!$B$5)/2) -> 31.25 | G8: =IF(N(F8)<=0,"",TRIM(IF(INT(F8/25)>0,INT(F8/25)&"x25 ","")&IF(INT(MOD(F8,25)/20)>0,INT(MOD(F8,25)/20)&"x20 ","")&IF(INT(MOD(MOD(F8,25),20)/15)>0,INT(MOD(MOD(F8,25),20)/15)&"x15 ","")&IF(INT(MOD(MOD(MOD(F8,25),20),15)/10)>0,INT(MOD(MOD(MOD(F8,25),20),15)/10)&"x10 ","")&IF(INT(MOD(MOD(MOD(MOD(F8,25),20),15),10)/5)>0,INT(MOD(MOD(MOD(MOD(F8,25),20),15),10)/5)&"x5 ","")&IF(INT(MOD(MOD(MOD(MOD(MOD(F8,25),20),15),10),5)/2.5)>0,INT(MOD(MOD(MOD(MOD(MOD(F8,25),20),15),10),5)/2.5)&"x2.5 ","")&IF(INT(MOD(MOD(MOD(MOD(MOD(MOD(F8,25),20),15),10),5),2.5)/1.25)>0,INT(MOD(MOD(MOD(MOD(MOD(MOD(F8,25),20),15),10),5),2.5)/1.25)&"x1.25 ",""))) -> 1x25 1x5 1x1.25 | H8: 2分 | I8: —
A9: W | B9: W/UP | C9: 0.65 | D9: 3 | E9: =ROUND(設定!$B$4*C9/設定!$B$6,0)*設定!$B$6 -> 97.5 | F9: =MAX(0,(E9-設定!$B$5)/2) -> 38.75 | G9: =IF(N(F9)<=0,"",TRIM(IF(INT(F9/25)>0,INT(F9/25)&"x25 ","")&IF(INT(MOD(F9,25)/20)>0,INT(MOD(F9,25)/20)&"x20 ","")&IF(INT(MOD(MOD(F9,25),20)/15)>0,INT(MOD(MOD(F9,25),20)/15)&"x15 ","")&IF(INT(MOD(MOD(MOD(F9,25),20),15)/10)>0,INT(MOD(MOD(MOD(F9,25),20),15)/10)&"x10 ","")&IF(INT(MOD(MOD(MOD(MOD(F9,25),20),15),10)/5)>0,INT(MOD(MOD(MOD(MOD(F9,25),20),15),10)/5)&"x5 ","")&IF(INT(MOD(MOD(MOD(MOD(MOD(F9,25),20),15),10),5)/2.5)>0,INT(MOD(MOD(MOD(MOD(MOD(F9,25),20),15),10),5)/2.5)&"x2.5 ","")&IF(INT(MOD(MOD(MOD(MOD(MOD(MOD(F9,25),20),15),10),5),2.5)/1.25)>0,INT(MOD(MOD(MOD(MOD(MOD(MOD(F9,25),20),15),10),5),2.5)/1.25)&"x1.25 ",""))) -> 1x25 1x10 1x2.5 1x1.25 | H9: 2分 | I9: —
A10: W | B10: W/UP | C10: 0.75 | D10: 2 | E10: =ROUND(設定!$B$4*C10/設定!$B$6,0)*設定!$B$6 -> 112.5 | F10: =MAX(0,(E10-設定!$B$5)/2) -> 46.25 | G10: =IF(N(F10)<=0,"",TRIM(IF(INT(F10/25)>0,INT(F10/25)&"x25 ","")&IF(INT(MOD(F10,25)/20)>0,INT(MOD(F10,25)/20)&"x20 ","")&IF(INT(MOD(MOD(F10,25),20)/15)>0,INT(MOD(MOD(F10,25),20)/15)&"x15 ","")&IF(INT(MOD(MOD(MOD(F10,25),20),15)/10)>0,INT(MOD(MOD(MOD(F10,25),20),15)/10)&"x10 ","")&IF(INT(MOD(MOD(MOD(MOD(F10,25),20),15),10)/5)>0,INT(MOD(MOD(MOD(MOD(F10,25),20),15),10)/5)&"x5 ","")&IF(INT(MOD(MOD(MOD(MOD(MOD(F10,25),20),15),10),5)/2.5)>0,INT(MOD(MOD(MOD(MOD(MOD(F10,25),20),15),10),5)/2.5)&"x2.5 ","")&IF(INT(MOD(MOD(MOD(MOD(MOD(MOD(F10,25),20),15),10),5),2.5)/1.25)>0,INT(MOD(MOD(MOD(MOD(MOD(MOD(F10,25),20),15),10),5),2.5)/1.25)&"x1.25 ",""))) -> 1x25 1x20 1x1.25 | H10: 3分 | I10: —
A11: 1 | B11: 記録 | C11: 0.85 | D11: 3 | E11: =ROUND(設定!$B$4*C11/設定!$B$6,0)*設定!$B$6 -> 127.5 | F11: =MAX(0,(E11-設定!$B$5)/2) -> 53.75 | G11: =IF(N(F11)<=0,"",TRIM(IF(INT(F11/25)>0,INT(F11/25)&"x25 ","")&IF(INT(MOD(F11,25)/20)>0,INT(MOD(F11,25)/20)&"x20 ","")&IF(INT(MOD(MOD(F11,25),20)/15)>0,INT(MOD(MOD(F11,25),20)/15)&"x15 ","")&IF(INT(MOD(MOD(MOD(F11,25),20),15)/10)>0,INT(MOD(MOD(MOD(F11,25),20),15)/10)&"x10 ","")&IF(INT(MOD(MOD(MOD(MOD(F11,25),20),15),10)/5)>0,INT(MOD(MOD(MOD(MOD(F11,25),20),15),10)/5)&"x5 ","")&IF(INT(MOD(MOD(MOD(MOD(MOD(F11,25),20),15),10),5)/2.5)>0,INT(MOD(MOD(MOD(MOD(MOD(F11,25),20),15),10),5)/2.5)&"x2.5 ","")&IF(INT(MOD(MOD(MOD(MOD(MOD(MOD(F11,25),20),15),10),5),2.5)/1.25)>0,INT(MOD(MOD(MOD(MOD(MOD(MOD(F11,25),20),15),10),5),2.5)/1.25)&"x1.25 ",""))) -> 2x25 1x2.5 1x1.25 | H11: 3分 | I11: 7-8
A12: 2 | B12: 記録 | C12: 0.88 | D12: 2 | E12: =ROUND(設定!$B$4*C12/設定!$B$6,0)*設定!$B$6 -> 132.5 | F12: =MAX(0,(E12-設定!$B$5)/2) -> 56.25 | G12: =IF(N(F12)<=0,"",TRIM(IF(INT(F12/25)>0,INT(F12/25)&"x25 ","")&IF(INT(MOD(F12,25)/20)>0,INT(MOD(F12,25)/20)&"x20 ","")&IF(INT(MOD(MOD(F12,25),20)/15)>0,INT(MOD(MOD(F12,25),20)/15)&"x15 ","")&IF(INT(MOD(MOD(MOD(F12,25),20),15)/10)>0,INT(MOD(MOD(MOD(F12,25),20),15)/10)&"x10 ","")&IF(INT(MOD(MOD(MOD(MOD(F12,25),20),15),10)/5)>0,INT(MOD(MOD(MOD(MOD(F12,25),20),15),10)/5)&"x5 ","")&IF(INT(MOD(MOD(MOD(MOD(MOD(F12,25),20),15),10),5)/2.5)>0,INT(MOD(MOD(MOD(MOD(MOD(F12,25),20),15),10),5)/2.5)&"x2.5 ","")&IF(INT(MOD(MOD(MOD(MOD(MOD(MOD(F12,25),20),15),10),5),2.5)/1.25)>0,INT(MOD(MOD(MOD(MOD(MOD(MOD(F12,25),20),15),10),5),2.5)/1.25)&"x1.25 ",""))) -> 2x25 1x5 1x1.25 | H12: 3分 | I12: 8
A13: 3 | B13: 記録 | C13: 0.91 | D13: 1 | E13: =ROUND(設定!$B$4*C13/設定!$B$6,0)*設定!$B$6 -> 137.5 | F13: =MAX(0,(E13-設定!$B$5)/2) -> 58.75 | G13: =IF(N(F13)<=0,"",TRIM(IF(INT(F13/25)>0,INT(F13/25)&"x25 ","")&IF(INT(MOD(F13,25)/20)>0,INT(MOD(F13,25)/20)&"x20 ","")&IF(INT(MOD(MOD(F13,25),20)/15)>0,INT(MOD(MOD(F13,25),20)/15)&"x15 ","")&IF(INT(MOD(MOD(MOD(F13,25),20),15)/10)>0,INT(MOD(MOD(MOD(F13,25),20),15)/10)&"x10 ","")&IF(INT(MOD(MOD(MOD(MOD(F13,25),20),15),10)/5)>0,INT(MOD(MOD(MOD(MOD(F13,25),20),15),10)/5)&"x5 ","")&IF(INT(MOD(MOD(MOD(MOD(MOD(F13,25),20),15),10),5)/2.5)>0,INT(MOD(MOD(MOD(MOD(MOD(F13,25),20),15),10),5)/2.5)&"x2.5 ","")&IF(INT(MOD(MOD(MOD(MOD(MOD(MOD(F13,25),20),15),10),5),2.5)/1.25)>0,INT(MOD(MOD(MOD(MOD(MOD(MOD(F13,25),20),15),10),5),2.5)/1.25)&"x1.25 ",""))) -> 2x25 1x5 1x2.5 1x1.25 | H13: 4分 | I13: 8-9
A14: 4 | B14: 記録 | C14: 0.94 | D14: 1 | E14: =ROUND(設定!$B$4*C14/設定!$B$6,0)*設定!$B$6 -> 140 | F14: =MAX(0,(E14-設定!$B$5)/2) -> 60 | G14: =IF(N(F14)<=0,"",TRIM(IF(INT(F14/25)>0,INT(F14/25)&"x25 ","")&IF(INT(MOD(F14,25)/20)>0,INT(MOD(F14,25)/20)&"x20 ","")&IF(INT(MOD(MOD(F14,25),20)/15)>0,INT(MOD(MOD(F14,25),20)/15)&"x15 ","")&IF(INT(MOD(MOD(MOD(F14,25),20),15)/10)>0,INT(MOD(MOD(MOD(F14,25),20),15)/10)&"x10 ","")&IF(INT(MOD(MOD(MOD(MOD(F14,25),20),15),10)/5)>0,INT(MOD(MOD(MOD(MOD(F14,25),20),15),10)/5)&"x5 ","")&IF(INT(MOD(MOD(MOD(MOD(MOD(F14,25),20),15),10),5)/2.5)>0,INT(MOD(MOD(MOD(MOD(MOD(F14,25),20),15),10),5)/2.5)&"x2.5 ","")&IF(INT(MOD(MOD(MOD(MOD(MOD(MOD(F14,25),20),15),10),5),2.5)/1.25)>0,INT(MOD(MOD(MOD(MOD(MOD(MOD(F14,25),20),15),10),5),2.5)/1.25)&"x1.25 ",""))) -> 2x25 1x10 | H14: 4分 | I14: 9
A15: 5 | B15: 記録 | C15: 0.88 | D15: 2 | E15: =ROUND(設定!$B$4*C15/設定!$B$6,0)*設定!$B$6 -> 132.5 | F15: =MAX(0,(E15-設定!$B$5)/2) -> 56.25 | G15: =IF(N(F15)<=0,"",TRIM(IF(INT(F15/25)>0,INT(F15/25)&"x25 ","")&IF(INT(MOD(F15,25)/20)>0,INT(MOD(F15,25)/20)&"x20 ","")&IF(INT(MOD(MOD(F15,25),20)/15)>0,INT(MOD(MOD(F15,25),20)/15)&"x15 ","")&IF(INT(MOD(MOD(MOD(F15,25),20),15)/10)>0,INT(MOD(MOD(MOD(F15,25),20),15)/10)&"x10 ","")&IF(INT(MOD(MOD(MOD(MOD(F15,25),20),15),10)/5)>0,INT(MOD(MOD(MOD(MOD(F15,25),20),15),10)/5)&"x5 ","")&IF(INT(MOD(MOD(MOD(MOD(MOD(F15,25),20),15),10),5)/2.5)>0,INT(MOD(MOD(MOD(MOD(MOD(F15,25),20),15),10),5)/2.5)&"x2.5 ","")&IF(INT(MOD(MOD(MOD(MOD(MOD(MOD(F15,25),20),15),10),5),2.5)/1.25)>0,INT(MOD(MOD(MOD(MOD(MOD(MOD(F15,25),20),15),10),5),2.5)/1.25)&"x1.25 ",""))) -> 2x25 1x5 1x1.25 | H15: 3分 | I15: 9
A16: 6 | B16: 記録 | C16: 0.85 | D16: 3 | E16: =ROUND(設定!$B$4*C16/設定!$B$6,0)*設定!$B$6 -> 127.5 | F16: =MAX(0,(E16-設定!$B$5)/2) -> 53.75 | G16: =IF(N(F16)<=0,"",TRIM(IF(INT(F16/25)>0,INT(F16/25)&"x25 ","")&IF(INT(MOD(F16,25)/20)>0,INT(MOD(F16,25)/20)&"x20 ","")&IF(INT(MOD(MOD(F16,25),20)/15)>0,INT(MOD(MOD(F16,25),20)/15)&"x15 ","")&IF(INT(MOD(MOD(MOD(F16,25),20),15)/10)>0,INT(MOD(MOD(MOD(F16,25),20),15)/10)&"x10 ","")&IF(INT(MOD(MOD(MOD(MOD(F16,25),20),15),10)/5)>0,INT(MOD(MOD(MOD(MOD(F16,25),20),15),10)/5)&"x5 ","")&IF(INT(MOD(MOD(MOD(MOD(MOD(F16,25),20),15),10),5)/2.5)>0,INT(MOD(MOD(MOD(MOD(MOD(F16,25),20),15),10),5)/2.5)&"x2.5 ","")&IF(INT(MOD(MOD(MOD(MOD(MOD(MOD(F16,25),20),15),10),5),2.5)/1.25)>0,INT(MOD(MOD(MOD(MOD(MOD(MOD(F16,25),20),15),10),5),2.5)/1.25)&"x1.25 ",""))) -> 2x25 1x2.5 1x1.25 | H16: — | I16: 9-10
A18: ■ RPE は挙上直後15秒以内に、PCの画面を見る前に口頭で言ってから記録する（数値を見てから決めない）
A19: ■ 一度記録した RPE は後から変更しない
A20: ■ 想定RPE はあくまで目安。実際の申告値が想定と違っても、そのまま記録する
A21: ■ 体調が悪い日は重量を落としてよい。ただし実際に挙げた重量をメモ欄に記入する

Sheet B_ミディアム
A1: セッション B ： ミディアム（中強度・中レップ）
A2: 狙う RPE 帯：6〜10 ／ 記録セット 8本 ／ 所要 約60分
A3: 1RM | B3: =設定!$B$4 -> 150 | C3: ← 変更は「設定」シートで
A5: # | B5: 区分 | C5: %1RM | D5: レップ | E5: 重量(kg) | F5: 片側(kg) | G5: プレート内訳（片側） | H5: 休憩 | I5: 想定RPE | J5: 実RPE | K5: メモ
A6: W | B6: W/UP | C6: — | D6: 10 | E6: =設定!$B$5 -> 20 | F6: =MAX(0,(E6-設定!$B$5)/2) -> 0 | G6: =IF(N(F6)<=0,"",TRIM(IF(INT(F6/25)>0,INT(F6/25)&"x25 ","")&IF(INT(MOD(F6,25)/20)>0,INT(MOD(F6,25)/20)&"x20 ","")&IF(INT(MOD(MOD(F6,25),20)/15)>0,INT(MOD(MOD(F6,25),20)/15)&"x15 ","")&IF(INT(MOD(MOD(MOD(F6,25),20),15)/10)>0,INT(MOD(MOD(MOD(F6,25),20),15)/10)&"x10 ","")&IF(INT(MOD(MOD(MOD(MOD(F6,25),20),15),10)/5)>0,INT(MOD(MOD(MOD(MOD(F6,25),20),15),10)/5)&"x5 ","")&IF(INT(MOD(MOD(MOD(MOD(MOD(F6,25),20),15),10),5)/2.5)>0,INT(MOD(MOD(MOD(MOD(MOD(F6,25),20),15),10),5)/2.5)&"x2.5 ","")&IF(INT(MOD(MOD(MOD(MOD(MOD(MOD(F6,25),20),15),10),5),2.5)/1.25)>0,INT(MOD(MOD(MOD(MOD(MOD(MOD(F6,25),20),15),10),5),2.5)/1.25)&"x1.25 ",""))) | H6: 1分 | I6: —
A7: W | B7: W/UP | C7: 0.4 | D7: 5 | E7: =ROUND(設定!$B$4*C7/設定!$B$6,0)*設定!$B$6 -> 60 | F7: =MAX(0,(E7-設定!$B$5)/2) -> 20 | G7: =IF(N(F7)<=0,"",TRIM(IF(INT(F7/25)>0,INT(F7/25)&"x25 ","")&IF(INT(MOD(F7,25)/20)>0,INT(MOD(F7,25)/20)&"x20 ","")&IF(INT(MOD(MOD(F7,25),20)/15)>0,INT(MOD(MOD(F7,25),20)/15)&"x15 ","")&IF(INT(MOD(MOD(MOD(F7,25),20),15)/10)>0,INT(MOD(MOD(MOD(F7,25),20),15)/10)&"x10 ","")&IF(INT(MOD(MOD(MOD(MOD(F7,25),20),15),10)/5)>0,INT(MOD(MOD(MOD(MOD(F7,25),20),15),10)/5)&"x5 ","")&IF(INT(MOD(MOD(MOD(MOD(MOD(F7,25),20),15),10),5)/2.5)>0,INT(MOD(MOD(MOD(MOD(MOD(F7,25),20),15),10),5)/2.5)&"x2.5 ","")&IF(INT(MOD(MOD(MOD(MOD(MOD(MOD(F7,25),20),15),10),5),2.5)/1.25)>0,INT(MOD(MOD(MOD(MOD(MOD(MOD(F7,25),20),15),10),5),2.5)/1.25)&"x1.25 ",""))) -> 1x20 | H7: 1分 | I7: —
A8: W | B8: W/UP | C8: 0.55 | D8: 3 | E8: =ROUND(設定!$B$4*C8/設定!$B$6,0)*設定!$B$6 -> 82.5 | F8: =MAX(0,(E8-設定!$B$5)/2) -> 31.25 | G8: =IF(N(F8)<=0,"",TRIM(IF(INT(F8/25)>0,INT(F8/25)&"x25 ","")&IF(INT(MOD(F8,25)/20)>0,INT(MOD(F8,25)/20)&"x20 ","")&IF(INT(MOD(MOD(F8,25),20)/15)>0,INT(MOD(MOD(F8,25),20)/15)&"x15 ","")&IF(INT(MOD(MOD(MOD(F8,25),20),15)/10)>0,INT(MOD(MOD(MOD(F8,25),20),15)/10)&"x10 ","")&IF(INT(MOD(MOD(MOD(MOD(F8,25),20),15),10)/5)>0,INT(MOD(MOD(MOD(MOD(F8,25),20),15),10)/5)&"x5 ","")&IF(INT(MOD(MOD(MOD(MOD(MOD(F8,25),20),15),10),5)/2.5)>0,INT(MOD(MOD(MOD(MOD(MOD(F8,25),20),15),10),5)/2.5)&"x2.5 ","")&IF(INT(MOD(MOD(MOD(MOD(MOD(MOD(F8,25),20),15),10),5),2.5)/1.25)>0,INT(MOD(MOD(MOD(MOD(MOD(MOD(F8,25),20),15),10),5),2.5)/1.25)&"x1.25 ",""))) -> 1x25 1x5 1x1.25 | H8: 2分 | I8: —
A9: W | B9: W/UP | C9: 0.65 | D9: 3 | E9: =ROUND(設定!$B$4*C9/設定!$B$6,0)*設定!$B$6 -> 97.5 | F9: =MAX(0,(E9-設定!$B$5)/2) -> 38.75 | G9: =IF(N(F9)<=0,"",TRIM(IF(INT(F9/25)>0,INT(F9/25)&"x25 ","")&IF(INT(MOD(F9,25)/20)>0,INT(MOD(F9,25)/20)&"x20 ","")&IF(INT(MOD(MOD(F9,25),20)/15)>0,INT(MOD(MOD(F9,25),20)/15)&"x15 ","")&IF(INT(MOD(MOD(MOD(F9,25),20),15)/10)>0,INT(MOD(MOD(MOD(F9,25),20),15)/10)&"x10 ","")&IF(INT(MOD(MOD(MOD(MOD(F9,25),20),15),10)/5)>0,INT(MOD(MOD(MOD(MOD(F9,25),20),15),10)/5)&"x5 ","")&IF(INT(MOD(MOD(MOD(MOD(MOD(F9,25),20),15),10),5)/2.5)>0,INT(MOD(MOD(MOD(MOD(MOD(F9,25),20),15),10),5)/2.5)&"x2.5 ","")&IF(INT(MOD(MOD(MOD(MOD(MOD(MOD(F9,25),20),15),10),5),2.5)/1.25)>0,INT(MOD(MOD(MOD(MOD(MOD(MOD(F9,25),20),15),10),5),2.5)/1.25)&"x1.25 ",""))) -> 1x25 1x10 1x2.5 1x1.25 | H9: 2分 | I9: —
A10: 1 | B10: 記録 | C10: 0.725 | D10: 5 | E10: =ROUND(設定!$B$4*C10/設定!$B$6,0)*設定!$B$6 -> 110 | F10: =MAX(0,(E10-設定!$B$5)/2) -> 45 | G10: =IF(N(F10)<=0,"",TRIM(IF(INT(F10/25)>0,INT(F10/25)&"x25 ","")&IF(INT(MOD(F10,25)/20)>0,INT(MOD(F10,25)/20)&"x20 ","")&IF(INT(MOD(MOD(F10,25),20)/15)>0,INT(MOD(MOD(F10,25),20)/15)&"x15 ","")&IF(INT(MOD(MOD(MOD(F10,25),20),15)/10)>0,INT(MOD(MOD(MOD(F10,25),20),15)/10)&"x10 ","")&IF(INT(MOD(MOD(MOD(MOD(F10,25),20),15),10)/5)>0,INT(MOD(MOD(MOD(MOD(F10,25),20),15),10)/5)&"x5 ","")&IF(INT(MOD(MOD(MOD(MOD(MOD(F10,25),20),15),10),5)/2.5)>0,INT(MOD(MOD(MOD(MOD(MOD(F10,25),20),15),10),5)/2.5)&"x2.5 ","")&IF(INT(MOD(MOD(MOD(MOD(MOD(MOD(F10,25),20),15),10),5),2.5)/1.25)>0,INT(MOD(MOD(MOD(MOD(MOD(MOD(F10,25),20),15),10),5),2.5)/1.25)&"x1.25 ",""))) -> 1x25 1x20 | H10: 2分 | I10: 6-7
A11: 2 | B11: 記録 | C11: 0.775 | D11: 5 | E11: =ROUND(設定!$B$4*C11/設定!$B$6,0)*設定!$B$6 -> 117.5 | F11: =MAX(0,(E11-設定!$B$5)/2) -> 48.75 | G11: =IF(N(F11)<=0,"",TRIM(IF(INT(F11/25)>0,INT(F11/25)&"x25 ","")&IF(INT(MOD(F11,25)/20)>0,INT(MOD(F11,25)/20)&"x20 ","")&IF(INT(MOD(MOD(F11,25),20)/15)>0,INT(MOD(MOD(F11,25),20)/15)&"x15 ","")&IF(INT(MOD(MOD(MOD(F11,25),20),15)/10)>0,INT(MOD(MOD(MOD(F11,25),20),15)/10)&"x10 ","")&IF(INT(MOD(MOD(MOD(MOD(F11,25),20),15),10)/5)>0,INT(MOD(MOD(MOD(MOD(F11,25),20),15),10)/5)&"x5 ","")&IF(INT(MOD(MOD(MOD(MOD(MOD(F11,25),20),15),10),5)/2.5)>0,INT(MOD(MOD(MOD(MOD(MOD(F11,25),20),15),10),5)/2.5)&"x2.5 ","")&IF(INT(MOD(MOD(MOD(MOD(MOD(MOD(F11,25),20),15),10),5),2.5)/1.25)>0,INT(MOD(MOD(MOD(MOD(MOD(MOD(F11,25),20),15),10),5),2.5)/1.25)&"x1.25 ",""))) -> 1x25 1x20 1x2.5 1x1.25 | H11: 3分 | I11: 7
A12: 3 | B12: 記録 | C12: 0.825 | D12: 3 | E12: =ROUND(設定!$B$4*C12/設定!$B$6,0)*設定!$B$6 -> 125 | F12: =MAX(0,(E12-設定!$B$5)/2) -> 52.5 | G12: =IF(N(F12)<=0,"",TRIM(IF(INT(F12/25)>0,INT(F12/25)&"x25 ","")&IF(INT(MOD(F12,25)/20)>0,INT(MOD(F12,25)/20)&"x20 ","")&IF(INT(MOD(MOD(F12,25),20)/15)>0,INT(MOD(MOD(F12,25),20)/15)&"x15 ","")&IF(INT(MOD(MOD(MOD(F12,25),20),15)/10)>0,INT(MOD(MOD(MOD(F12,25),20),15)/10)&"x10 ","")&IF(INT(MOD(MOD(MOD(MOD(F12,25),20),15),10)/5)>0,INT(MOD(MOD(MOD(MOD(F12,25),20),15),10)/5)&"x5 ","")&IF(INT(MOD(MOD(MOD(MOD(MOD(F12,25),20),15),10),5)/2.5)>0,INT(MOD(MOD(MOD(MOD(MOD(F12,25),20),15),10),5)/2.5)&"x2.5 ","")&IF(INT(MOD(MOD(MOD(MOD(MOD(MOD(F12,25),20),15),10),5),2.5)/1.25)>0,INT(MOD(MOD(MOD(MOD(MOD(MOD(F12,25),20),15),10),5),2.5)/1.25)&"x1.25 ",""))) -> 2x25 1x2.5 | H12: 3分 | I12: 7-8
A13: 4 | B13: 記録 | C13: 0.85 | D13: 3 | E13: =ROUND(設定!$B$4*C13/設定!$B$6,0)*設定!$B$6 -> 127.5 | F13: =MAX(0,(E13-設定!$B$5)/2) -> 53.75 | G13: =IF(N(F13)<=0,"",TRIM(IF(INT(F13/25)>0,INT(F13/25)&"x25 ","")&IF(INT(MOD(F13,25)/20)>0,INT(MOD(F13,25)/20)&"x20 ","")&IF(INT(MOD(MOD(F13,25),20)/15)>0,INT(MOD(MOD(F13,25),20)/15)&"x15 ","")&IF(INT(MOD(MOD(MOD(F13,25),20),15)/10)>0,INT(MOD(MOD(MOD(F13,25),20),15)/10)&"x10 ","")&IF(INT(MOD(MOD(MOD(MOD(F13,25),20),15),10)/5)>0,INT(MOD(MOD(MOD(MOD(F13,25),20),15),10)/5)&"x5 ","")&IF(INT(MOD(MOD(MOD(MOD(MOD(F13,25),20),15),10),5)/2.5)>0,INT(MOD(MOD(MOD(MOD(MOD(F13,25),20),15),10),5)/2.5)&"x2.5 ","")&IF(INT(MOD(MOD(MOD(MOD(MOD(MOD(F13,25),20),15),10),5),2.5)/1.25)>0,INT(MOD(MOD(MOD(MOD(MOD(MOD(F13,25),20),15),10),5),2.5)/1.25)&"x1.25 ",""))) -> 2x25 1x2.5 1x1.25 | H13: 3分 | I13: 8
A14: 5 | B14: 記録 | C14: 0.875 | D14: 2 | E14: =ROUND(設定!$B$4*C14/設定!$B$6,0)*設定!$B$6 -> 132.5 | F14: =MAX(0,(E14-設定!$B$5)/2) -> 56.25 | G14: =IF(N(F14)<=0,"",TRIM(IF(INT(F14/25)>0,INT(F14/25)&"x25 ","")&IF(INT(MOD(F14,25)/20)>0,INT(MOD(F14,25)/20)&"x20 ","")&IF(INT(MOD(MOD(F14,25),20)/15)>0,INT(MOD(MOD(F14,25),20)/15)&"x15 ","")&IF(INT(MOD(MOD(MOD(F14,25),20),15)/10)>0,INT(MOD(MOD(MOD(F14,25),20),15)/10)&"x10 ","")&IF(INT(MOD(MOD(MOD(MOD(F14,25),20),15),10)/5)>0,INT(MOD(MOD(MOD(MOD(F14,25),20),15),10)/5)&"x5 ","")&IF(INT(MOD(MOD(MOD(MOD(MOD(F14,25),20),15),10),5)/2.5)>0,INT(MOD(MOD(MOD(MOD(MOD(F14,25),20),15),10),5)/2.5)&"x2.5 ","")&IF(INT(MOD(MOD(MOD(MOD(MOD(MOD(F14,25),20),15),10),5),2.5)/1.25)>0,INT(MOD(MOD(MOD(MOD(MOD(MOD(F14,25),20),15),10),5),2.5)/1.25)&"x1.25 ",""))) -> 2x25 1x5 1x1.25 | H14: 3分 | I14: 8-9
A15: 6 | B15: 記録 | C15: 0.825 | D15: 4 | E15: =ROUND(設定!$B$4*C15/設定!$B$6,0)*設定!$B$6 -> 125 | F15: =MAX(0,(E15-設定!$B$5)/2) -> 52.5 | G15: =IF(N(F15)<=0,"",TRIM(IF(INT(F15/25)>0,INT(F15/25)&"x25 ","")&IF(INT(MOD(F15,25)/20)>0,INT(MOD(F15,25)/20)&"x20 ","")&IF(INT(MOD(MOD(F15,25),20)/15)>0,INT(MOD(MOD(F15,25),20)/15)&"x15 ","")&IF(INT(MOD(MOD(MOD(F15,25),20),15)/10)>0,INT(MOD(MOD(MOD(F15,25),20),15)/10)&"x10 ","")&IF(INT(MOD(MOD(MOD(MOD(F15,25),20),15),10)/5)>0,INT(MOD(MOD(MOD(MOD(F15,25),20),15),10)/5)&"x5 ","")&IF(INT(MOD(MOD(MOD(MOD(MOD(F15,25),20),15),10),5)/2.5)>0,INT(MOD(MOD(MOD(MOD(MOD(F15,25),20),15),10),5)/2.5)&"x2.5 ","")&IF(INT(MOD(MOD(MOD(MOD(MOD(MOD(F15,25),20),15),10),5),2.5)/1.25)>0,INT(MOD(MOD(MOD(MOD(MOD(MOD(F15,25),20),15),10),5),2.5)/1.25)&"x1.25 ",""))) -> 2x25 1x2.5 | H15: 3分 | I15: 9
A16: 7 | B16: 記録 | C16: 0.775 | D16: 5 | E16: =ROUND(設定!$B$4*C16/設定!$B$6,0)*設定!$B$6 -> 117.5 | F16: =MAX(0,(E16-設定!$B$5)/2) -> 48.75 | G16: =IF(N(F16)<=0,"",TRIM(IF(INT(F16/25)>0,INT(F16/25)&"x25 ","")&IF(INT(MOD(F16,25)/20)>0,INT(MOD(F16,25)/20)&"x20 ","")&IF(INT(MOD(MOD(F16,25),20)/15)>0,INT(MOD(MOD(F16,25),20)/15)&"x15 ","")&IF(INT(MOD(MOD(MOD(F16,25),20),15)/10)>0,INT(MOD(MOD(MOD(F16,25),20),15)/10)&"x10 ","")&IF(INT(MOD(MOD(MOD(MOD(F16,25),20),15),10)/5)>0,INT(MOD(MOD(MOD(MOD(F16,25),20),15),10)/5)&"x5 ","")&IF(INT(MOD(MOD(MOD(MOD(MOD(F16,25),20),15),10),5)/2.5)>0,INT(MOD(MOD(MOD(MOD(MOD(F16,25),20),15),10),5)/2.5)&"x2.5 ","")&IF(INT(MOD(MOD(MOD(MOD(MOD(MOD(F16,25),20),15),10),5),2.5)/1.25)>0,INT(MOD(MOD(MOD(MOD(MOD(MOD(F16,25),20),15),10),5),2.5)/1.25)&"x1.25 ",""))) -> 1x25 1x20 1x2.5 1x1.25 | H16: 3分 | I16: 9
A17: 8 | B17: 記録 | C17: 0.725 | D17: 6 | E17: =ROUND(設定!$B$4*C17/設定!$B$6,0)*設定!$B$6 -> 110 | F17: =MAX(0,(E17-設定!$B$5)/2) -> 45 | G17: =IF(N(F17)<=0,"",TRIM(IF(INT(F17/25)>0,INT(F17/25)&"x25 ","")&IF(INT(MOD(F17,25)/20)>0,INT(MOD(F17,25)/20)&"x20 ","")&IF(INT(MOD(MOD(F17,25),20)/15)>0,INT(MOD(MOD(F17,25),20)/15)&"x15 ","")&IF(INT(MOD(MOD(MOD(F17,25),20),15)/10)>0,INT(MOD(MOD(MOD(F17,25),20),15)/10)&"x10 ","")&IF(INT(MOD(MOD(MOD(MOD(F17,25),20),15),10)/5)>0,INT(MOD(MOD(MOD(MOD(F17,25),20),15),10)/5)&"x5 ","")&IF(INT(MOD(MOD(MOD(MOD(MOD(F17,25),20),15),10),5)/2.5)>0,INT(MOD(MOD(MOD(MOD(MOD(F17,25),20),15),10),5)/2.5)&"x2.5 ","")&IF(INT(MOD(MOD(MOD(MOD(MOD(MOD(F17,25),20),15),10),5),2.5)/1.25)>0,INT(MOD(MOD(MOD(MOD(MOD(MOD(F17,25),20),15),10),5),2.5)/1.25)&"x1.25 ",""))) -> 1x25 1x20 | H17: — | I17: 9-10
A19: ■ RPE は挙上直後15秒以内に、PCの画面を見る前に口頭で言ってから記録する（数値を見てから決めない）
A20: ■ 一度記録した RPE は後から変更しない
A21: ■ 想定RPE はあくまで目安。実際の申告値が想定と違っても、そのまま記録する
A22: ■ 体調が悪い日は重量を落としてよい。ただし実際に挙げた重量をメモ欄に記入する

Sheet C_ボリューム
A1: セッション C ： ボリューム（中強度・高レップ）
A2: 狙う RPE 帯：6〜10 ／ 記録セット 8本 ／ 所要 約55分
A3: 1RM | B3: =設定!$B$4 -> 150 | C3: ← 変更は「設定」シートで
A5: # | B5: 区分 | C5: %1RM | D5: レップ | E5: 重量(kg) | F5: 片側(kg) | G5: プレート内訳（片側） | H5: 休憩 | I5: 想定RPE | J5: 実RPE | K5: メモ
A6: W | B6: W/UP | C6: — | D6: 10 | E6: =設定!$B$5 -> 20 | F6: =MAX(0,(E6-設定!$B$5)/2) -> 0 | G6: =IF(N(F6)<=0,"",TRIM(IF(INT(F6/25)>0,INT(F6/25)&"x25 ","")&IF(INT(MOD(F6,25)/20)>0,INT(MOD(F6,25)/20)&"x20 ","")&IF(INT(MOD(MOD(F6,25),20)/15)>0,INT(MOD(MOD(F6,25),20)/15)&"x15 ","")&IF(INT(MOD(MOD(MOD(F6,25),20),15)/10)>0,INT(MOD(MOD(MOD(F6,25),20),15)/10)&"x10 ","")&IF(INT(MOD(MOD(MOD(MOD(F6,25),20),15),10)/5)>0,INT(MOD(MOD(MOD(MOD(F6,25),20),15),10)/5)&"x5 ","")&IF(INT(MOD(MOD(MOD(MOD(MOD(F6,25),20),15),10),5)/2.5)>0,INT(MOD(MOD(MOD(MOD(MOD(F6,25),20),15),10),5)/2.5)&"x2.5 ","")&IF(INT(MOD(MOD(MOD(MOD(MOD(MOD(F6,25),20),15),10),5),2.5)/1.25)>0,INT(MOD(MOD(MOD(MOD(MOD(MOD(F6,25),20),15),10),5),2.5)/1.25)&"x1.25 ",""))) | H6: 1分 | I6: —
A7: W | B7: W/UP | C7: 0.4 | D7: 5 | E7: =ROUND(設定!$B$4*C7/設定!$B$6,0)*設定!$B$6 -> 60 | F7: =MAX(0,(E7-設定!$B$5)/2) -> 20 | G7: =IF(N(F7)<=0,"",TRIM(IF(INT(F7/25)>0,INT(F7/25)&"x25 ","")&IF(INT(MOD(F7,25)/20)>0,INT(MOD(F7,25)/20)&"x20 ","")&IF(INT(MOD(MOD(F7,25),20)/15)>0,INT(MOD(MOD(F7,25),20)/15)&"x15 ","")&IF(INT(MOD(MOD(MOD(F7,25),20),15)/10)>0,INT(MOD(MOD(MOD(F7,25),20),15)/10)&"x10 ","")&IF(INT(MOD(MOD(MOD(MOD(F7,25),20),15),10)/5)>0,INT(MOD(MOD(MOD(MOD(F7,25),20),15),10)/5)&"x5 ","")&IF(INT(MOD(MOD(MOD(MOD(MOD(F7,25),20),15),10),5)/2.5)>0,INT(MOD(MOD(MOD(MOD(MOD(F7,25),20),15),10),5)/2.5)&"x2.5 ","")&IF(INT(MOD(MOD(MOD(MOD(MOD(MOD(F7,25),20),15),10),5),2.5)/1.25)>0,INT(MOD(MOD(MOD(MOD(MOD(MOD(F7,25),20),15),10),5),2.5)/1.25)&"x1.25 ",""))) -> 1x20 | H7: 1分 | I7: —
A8: W | B8: W/UP | C8: 0.55 | D8: 5 | E8: =ROUND(設定!$B$4*C8/設定!$B$6,0)*設定!$B$6 -> 82.5 | F8: =MAX(0,(E8-設定!$B$5)/2) -> 31.25 | G8: =IF(N(F8)<=0,"",TRIM(IF(INT(F8/25)>0,INT(F8/25)&"x25 ","")&IF(INT(MOD(F8,25)/20)>0,INT(MOD(F8,25)/20)&"x20 ","")&IF(INT(MOD(MOD(F8,25),20)/15)>0,INT(MOD(MOD(F8,25),20)/15)&"x15 ","")&IF(INT(MOD(MOD(MOD(F8,25),20),15)/10)>0,INT(MOD(MOD(MOD(F8,25),20),15)/10)&"x10 ","")&IF(INT(MOD(MOD(MOD(MOD(F8,25),20),15),10)/5)>0,INT(MOD(MOD(MOD(MOD(F8,25),20),15),10)/5)&"x5 ","")&IF(INT(MOD(MOD(MOD(MOD(MOD(F8,25),20),15),10),5)/2.5)>0,INT(MOD(MOD(MOD(MOD(MOD(F8,25),20),15),10),5)/2.5)&"x2.5 ","")&IF(INT(MOD(MOD(MOD(MOD(MOD(MOD(F8,25),20),15),10),5),2.5)/1.25)>0,INT(MOD(MOD(MOD(MOD(MOD(MOD(F8,25),20),15),10),5),2.5)/1.25)&"x1.25 ",""))) -> 1x25 1x5 1x1.25 | H8: 2分 | I8: —
A9: 1 | B9: 記録 | C9: 0.65 | D9: 8 | E9: =ROUND(設定!$B$4*C9/設定!$B$6,0)*設定!$B$6 -> 97.5 | F9: =MAX(0,(E9-設定!$B$5)/2) -> 38.75 | G9: =IF(N(F9)<=0,"",TRIM(IF(INT(F9/25)>0,INT(F9/25)&"x25 ","")&IF(INT(MOD(F9,25)/20)>0,INT(MOD(F9,25)/20)&"x20 ","")&IF(INT(MOD(MOD(F9,25),20)/15)>0,INT(MOD(MOD(F9,25),20)/15)&"x15 ","")&IF(INT(MOD(MOD(MOD(F9,25),20),15)/10)>0,INT(MOD(MOD(MOD(F9,25),20),15)/10)&"x10 ","")&IF(INT(MOD(MOD(MOD(MOD(F9,25),20),15),10)/5)>0,INT(MOD(MOD(MOD(MOD(F9,25),20),15),10)/5)&"x5 ","")&IF(INT(MOD(MOD(MOD(MOD(MOD(F9,25),20),15),10),5)/2.5)>0,INT(MOD(MOD(MOD(MOD(MOD(F9,25),20),15),10),5)/2.5)&"x2.5 ","")&IF(INT(MOD(MOD(MOD(MOD(MOD(MOD(F9,25),20),15),10),5),2.5)/1.25)>0,INT(MOD(MOD(MOD(MOD(MOD(MOD(F9,25),20),15),10),5),2.5)/1.25)&"x1.25 ",""))) -> 1x25 1x10 1x2.5 1x1.25 | H9: 2分 | I9: 6
A10: 2 | B10: 記録 | C10: 0.7 | D10: 6 | E10: =ROUND(設定!$B$4*C10/設定!$B$6,0)*設定!$B$6 -> 105 | F10: =MAX(0,(E10-設定!$B$5)/2) -> 42.5 | G10: =IF(N(F10)<=0,"",TRIM(IF(INT(F10/25)>0,INT(F10/25)&"x25 ","")&IF(INT(MOD(F10,25)/20)>0,INT(MOD(F10,25)/20)&"x20 ","")&IF(INT(MOD(MOD(F10,25),20)/15)>0,INT(MOD(MOD(F10,25),20)/15)&"x15 ","")&IF(INT(MOD(MOD(MOD(F10,25),20),15)/10)>0,INT(MOD(MOD(MOD(F10,25),20),15)/10)&"x10 ","")&IF(INT(MOD(MOD(MOD(MOD(F10,25),20),15),10)/5)>0,INT(MOD(MOD(MOD(MOD(F10,25),20),15),10)/5)&"x5 ","")&IF(INT(MOD(MOD(MOD(MOD(MOD(F10,25),20),15),10),5)/2.5)>0,INT(MOD(MOD(MOD(MOD(MOD(F10,25),20),15),10),5)/2.5)&"x2.5 ","")&IF(INT(MOD(MOD(MOD(MOD(MOD(MOD(F10,25),20),15),10),5),2.5)/1.25)>0,INT(MOD(MOD(MOD(MOD(MOD(MOD(F10,25),20),15),10),5),2.5)/1.25)&"x1.25 ",""))) -> 1x25 1x15 1x2.5 | H10: 2分 | I10: 6-7
A11: 3 | B11: 記録 | C11: 0.725 | D11: 6 | E11: =ROUND(設定!$B$4*C11/設定!$B$6,0)*設定!$B$6 -> 110 | F11: =MAX(0,(E11-設定!$B$5)/2) -> 45 | G11: =IF(N(F11)<=0,"",TRIM(IF(INT(F11/25)>0,INT(F11/25)&"x25 ","")&IF(INT(MOD(F11,25)/20)>0,INT(MOD(F11,25)/20)&"x20 ","")&IF(INT(MOD(MOD(F11,25),20)/15)>0,INT(MOD(MOD(F11,25),20)/15)&"x15 ","")&IF(INT(MOD(MOD(MOD(F11,25),20),15)/10)>0,INT(MOD(MOD(MOD(F11,25),20),15)/10)&"x10 ","")&IF(INT(MOD(MOD(MOD(MOD(F11,25),20),15),10)/5)>0,INT(MOD(MOD(MOD(MOD(F11,25),20),15),10)/5)&"x5 ","")&IF(INT(MOD(MOD(MOD(MOD(MOD(F11,25),20),15),10),5)/2.5)>0,INT(MOD(MOD(MOD(MOD(MOD(F11,25),20),15),10),5)/2.5)&"x2.5 ","")&IF(INT(MOD(MOD(MOD(MOD(MOD(MOD(F11,25),20),15),10),5),2.5)/1.25)>0,INT(MOD(MOD(MOD(MOD(MOD(MOD(F11,25),20),15),10),5),2.5)/1.25)&"x1.25 ",""))) -> 1x25 1x20 | H11: 3分 | I11: 7
A12: 4 | B12: 記録 | C12: 0.75 | D12: 5 | E12: =ROUND(設定!$B$4*C12/設定!$B$6,0)*設定!$B$6 -> 112.5 | F12: =MAX(0,(E12-設定!$B$5)/2) -> 46.25 | G12: =IF(N(F12)<=0,"",TRIM(IF(INT(F12/25)>0,INT(F12/25)&"x25 ","")&IF(INT(MOD(F12,25)/20)>0,INT(MOD(F12,25)/20)&"x20 ","")&IF(INT(MOD(MOD(F12,25),20)/15)>0,INT(MOD(MOD(F12,25),20)/15)&"x15 ","")&IF(INT(MOD(MOD(MOD(F12,25),20),15)/10)>0,INT(MOD(MOD(MOD(F12,25),20),15)/10)&"x10 ","")&IF(INT(MOD(MOD(MOD(MOD(F12,25),20),15),10)/5)>0,INT(MOD(MOD(MOD(MOD(F12,25),20),15),10)/5)&"x5 ","")&IF(INT(MOD(MOD(MOD(MOD(MOD(F12,25),20),15),10),5)/2.5)>0,INT(MOD(MOD(MOD(MOD(MOD(F12,25),20),15),10),5)/2.5)&"x2.5 ","")&IF(INT(MOD(MOD(MOD(MOD(MOD(MOD(F12,25),20),15),10),5),2.5)/1.25)>0,INT(MOD(MOD(MOD(MOD(MOD(MOD(F12,25),20),15),10),5),2.5)/1.25)&"x1.25 ",""))) -> 1x25 1x20 1x1.25 | H12: 3分 | I12: 7-8
A13: 5 | B13: 記録 | C13: 0.725 | D13: 6 | E13: =ROUND(設定!$B$4*C13/設定!$B$6,0)*設定!$B$6 -> 110 | F13: =MAX(0,(E13-設定!$B$5)/2) -> 45 | G13: =IF(N(F13)<=0,"",TRIM(IF(INT(F13/25)>0,INT(F13/25)&"x25 ","")&IF(INT(MOD(F13,25)/20)>0,INT(MOD(F13,25)/20)&"x20 ","")&IF(INT(MOD(MOD(F13,25),20)/15)>0,INT(MOD(MOD(F13,25),20)/15)&"x15 ","")&IF(INT(MOD(MOD(MOD(F13,25),20),15)/10)>0,INT(MOD(MOD(MOD(F13,25),20),15)/10)&"x10 ","")&IF(INT(MOD(MOD(MOD(MOD(F13,25),20),15),10)/5)>0,INT(MOD(MOD(MOD(MOD(F13,25),20),15),10)/5)&"x5 ","")&IF(INT(MOD(MOD(MOD(MOD(MOD(F13,25),20),15),10),5)/2.5)>0,INT(MOD(MOD(MOD(MOD(MOD(F13,25),20),15),10),5)/2.5)&"x2.5 ","")&IF(INT(MOD(MOD(MOD(MOD(MOD(MOD(F13,25),20),15),10),5),2.5)/1.25)>0,INT(MOD(MOD(MOD(MOD(MOD(MOD(F13,25),20),15),10),5),2.5)/1.25)&"x1.25 ",""))) -> 1x25 1x20 | H13: 3分 | I13: 8
A14: 6 | B14: 記録 | C14: 0.7 | D14: 7 | E14: =ROUND(設定!$B$4*C14/設定!$B$6,0)*設定!$B$6 -> 105 | F14: =MAX(0,(E14-設定!$B$5)/2) -> 42.5 | G14: =IF(N(F14)<=0,"",TRIM(IF(INT(F14/25)>0,INT(F14/25)&"x25 ","")&IF(INT(MOD(F14,25)/20)>0,INT(MOD(F14,25)/20)&"x20 ","")&IF(INT(MOD(MOD(F14,25),20)/15)>0,INT(MOD(MOD(F14,25),20)/15)&"x15 ","")&IF(INT(MOD(MOD(MOD(F14,25),20),15)/10)>0,INT(MOD(MOD(MOD(F14,25),20),15)/10)&"x10 ","")&IF(INT(MOD(MOD(MOD(MOD(F14,25),20),15),10)/5)>0,INT(MOD(MOD(MOD(MOD(F14,25),20),15),10)/5)&"x5 ","")&IF(INT(MOD(MOD(MOD(MOD(MOD(F14,25),20),15),10),5)/2.5)>0,INT(MOD(MOD(MOD(MOD(MOD(F14,25),20),15),10),5)/2.5)&"x2.5 ","")&IF(INT(MOD(MOD(MOD(MOD(MOD(MOD(F14,25),20),15),10),5),2.5)/1.25)>0,INT(MOD(MOD(MOD(MOD(MOD(MOD(F14,25),20),15),10),5),2.5)/1.25)&"x1.25 ",""))) -> 1x25 1x15 1x2.5 | H14: 3分 | I14: 8-9
A15: 7 | B15: 記録 | C15: 0.675 | D15: 8 | E15: =ROUND(設定!$B$4*C15/設定!$B$6,0)*設定!$B$6 -> 102.5 | F15: =MAX(0,(E15-設定!$B$5)/2) -> 41.25 | G15: =IF(N(F15)<=0,"",TRIM(IF(INT(F15/25)>0,INT(F15/25)&"x25 ","")&IF(INT(MOD(F15,25)/20)>0,INT(MOD(F15,25)/20)&"x20 ","")&IF(INT(MOD(MOD(F15,25),20)/15)>0,INT(MOD(MOD(F15,25),20)/15)&"x15 ","")&IF(INT(MOD(MOD(MOD(F15,25),20),15)/10)>0,INT(MOD(MOD(MOD(F15,25),20),15)/10)&"x10 ","")&IF(INT(MOD(MOD(MOD(MOD(F15,25),20),15),10)/5)>0,INT(MOD(MOD(MOD(MOD(F15,25),20),15),10)/5)&"x5 ","")&IF(INT(MOD(MOD(MOD(MOD(MOD(F15,25),20),15),10),5)/2.5)>0,INT(MOD(MOD(MOD(MOD(MOD(F15,25),20),15),10),5)/2.5)&"x2.5 ","")&IF(INT(MOD(MOD(MOD(MOD(MOD(MOD(F15,25),20),15),10),5),2.5)/1.25)>0,INT(MOD(MOD(MOD(MOD(MOD(MOD(F15,25),20),15),10),5),2.5)/1.25)&"x1.25 ",""))) -> 1x25 1x15 1x1.25 | H15: 3分 | I15: 9
A16: 8 | B16: 記録 | C16: 0.65 | D16: 8 | E16: =ROUND(設定!$B$4*C16/設定!$B$6,0)*設定!$B$6 -> 97.5 | F16: =MAX(0,(E16-設定!$B$5)/2) -> 38.75 | G16: =IF(N(F16)<=0,"",TRIM(IF(INT(F16/25)>0,INT(F16/25)&"x25 ","")&IF(INT(MOD(F16,25)/20)>0,INT(MOD(F16,25)/20)&"x20 ","")&IF(INT(MOD(MOD(F16,25),20)/15)>0,INT(MOD(MOD(F16,25),20)/15)&"x15 ","")&IF(INT(MOD(MOD(MOD(F16,25),20),15)/10)>0,INT(MOD(MOD(MOD(F16,25),20),15)/10)&"x10 ","")&IF(INT(MOD(MOD(MOD(MOD(F16,25),20),15),10)/5)>0,INT(MOD(MOD(MOD(MOD(F16,25),20),15),10)/5)&"x5 ","")&IF(INT(MOD(MOD(MOD(MOD(MOD(F16,25),20),15),10),5)/2.5)>0,INT(MOD(MOD(MOD(MOD(MOD(F16,25),20),15),10),5)/2.5)&"x2.5 ","")&IF(INT(MOD(MOD(MOD(MOD(MOD(MOD(F16,25),20),15),10),5),2.5)/1.25)>0,INT(MOD(MOD(MOD(MOD(MOD(MOD(F16,25),20),15),10),5),2.5)/1.25)&"x1.25 ",""))) -> 1x25 1x10 1x2.5 1x1.25 | H16: — | I16: 9-10
A18: ■ RPE は挙上直後15秒以内に、PCの画面を見る前に口頭で言ってから記録する（数値を見てから決めない）
A19: ■ 一度記録した RPE は後から変更しない
A20: ■ 想定RPE はあくまで目安。実際の申告値が想定と違っても、そのまま記録する
A21: ■ 体調が悪い日は重量を落としてよい。ただし実際に挙げた重量をメモ欄に記入する

Sheet 記録ログ
A1: セッション記録ログ
A2: 毎回の計測後に記入してください。RPE のばらつき要因を後から説明する材料になります。
A4: 日付 | B4: タイプ | C4: 睡眠時間(h) | D4: 前回からの間隔(日) | E4: 体重(kg) | F4: カフェイン | G4: 体調(1-5) | H4: 記録セット数 | I4: セッションフォルダ名 | J4: 動画ファイル | K4: IMU台数 | L4: メモ
A5: 2026-09-20 | B5: B | C5: 7 | D5: 3 | E5: 78.5 | F5: なし | G5: 4 | H5: 8 | I5: session_20260920_143000 | J5: set01-08.mp4 | K5: 1 | L5: 初回計測

Sheet 使い方
A1: スクワット メニュー自動計算シート ― 使い方
A3: 1. 最初にやること
A4: 「設定」シートの 1RM を自分の値に書き換えてください。
A5: バー重量と丸め単位も、使用しているジムに合わせて調整します。
A6: 丸め単位は「使えるプレートの最小ペア」です。1.25kg プレートが2枚あるなら 2.5 を選びます。
A8: 2. セッションの使い分け
A9: A_ヘビー … 高強度・低レップ。RPE 7〜10 を集める。
A10: B_ミディアム … 中強度・中レップ。RPE 6〜10 を広く集める。
A11: C_ボリューム … 中強度・高レップ。後半の疲労で RPE を押し上げる。
A13: 週3回なら A → B → C の順で回すと、RPE が偏らず回復も確保できます。
A14: 疲労が抜けないと感じたら、迷わず頻度を落としてください。
A16: 3. なぜ後半で重量を下げるのか
... A34: これらは RPE のばらつき要因として、後の考察で使えます。
